<?xml version="1.0" encoding="UTF-8" ?>
<XMLDB PATH="local/dependency/db" VERSION="2022042600" COMMENT="XMLDB file for local dependency plugin"
    xmlns:xsi="http://www.w3.org/2001/XMLSchema-instance"
    xsi:noNamespaceSchemaLocation="../../../lib/xmldb/xmldb.xsd">

  <TABLES>
    <TABLE NAME="local_country" COMMENT="each record is a country">
      <FIELDS>
        <FIELD NAME="id" TYPE="int" LENGTH="10" NOTNULL="true" SEQUENCE="true"/>
        <FIELD NAME="country" TYPE="char" LENGTH="255" NOTNULL="true" SEQUENCE="false"/>
       </FIELDS>
      <KEYS>
        <KEY NAME="primary" TYPE="primary" FIELDS="id"/>
      </KEYS>
    </TABLE>


    <TABLE NAME="local_state" COMMENT="each record is a state">
      <FIELDS>
        <FIELD NAME="id" TYPE="int" LENGTH="10" NOTNULL="true" SEQUENCE="true"/>
        <FIELD NAME="cid" TYPE="int" LENGTH="10" NOTNULL="true" SEQUENCE="false"/>
        <FIELD NAME="state" TYPE="char" LENGTH="255" NOTNULL="true" SEQUENCE="false"/>
       </FIELDS>
      <KEYS>
        <KEY NAME="primary" TYPE="primary" FIELDS="id"/>
      </KEYS>
    </TABLE>


    <TABLE NAME="local_district" COMMENT="each record is a district">
      <FIELDS>
        <FIELD NAME="id" TYPE="int" LENGTH="10" NOTNULL="true" SEQUENCE="true"/>
        <FIELD NAME="sid" TYPE="int" LENGTH="10" NOTNULL="true" SEQUENCE="false"/>
        <FIELD NAME="district" TYPE="char" LENGTH="255" NOTNULL="true" SEQUENCE="false"/>
       </FIELDS>
      <KEYS>
        <KEY NAME="primary" TYPE="primary" FIELDS="id"/>
      </KEYS>
    </TABLE>


      <TABLE NAME="local_dependency" COMMENT="each record is a dependency">
      <FIELDS>
        <FIELD NAME="id" TYPE="int" LENGTH="10" NOTNULL="true" SEQUENCE="true"/>
        <FIELD NAME="country" TYPE="char" LENGTH="255" NOTNULL="true" SEQUENCE="false"/>
        <FIELD NAME="state" TYPE="char" LENGTH="255" NOTNULL="true" SEQUENCE="false"/>
         <FIELD NAME="district" TYPE="char" LENGTH="255" NOTNULL="true" SEQUENCE="false"/>
       </FIELDS>
      <KEYS>
        <KEY NAME="primary" TYPE="primary" FIELDS="id"/>
      </KEYS>
    </TABLE>


  </TABLES>
</XMLDB>
